CollectedAt,IsHoliday,ParkId,TotalSpaces,AvailableSpaces,FullStatus,ParkDataCollectTime,RainNow,RainPast10Min,RainPast1hr,RainPast3hr,RainPast12hr,RainPast24hr
2026-05-29T18:00:34,0,001,1998,188,0,2026-05-26T16:34:33+08:00,16.5,0.0,0.0,0.0,15.0,16.5
2026-05-29T18:00:34,0,002,446,126,0,2026-05-26T16:34:33+08:00,16.5,0.0,0.0,0.0,15.0,16.5
2026-05-29T18:00:34,0,003,169,23,0,2026-05-26T16:34:58+08:00,16.5,0.0,0.0,0.0,15.0,16.5
2026-05-29T18:00:34,0,005,204,43,0,2026-05-26T16:34:41+08:00,16.5,0.0,0.0,0.0,15.0,16.5
2026-05-29T18:00:34,0,007,508,54,0,2026-05-26T16:34:56+08:00,16.5,0.0,0.0,0.0,15.0,16.5
2026-05-29T18:00:34,0,014,447,17,0,2026-05-26T16:34:34+08:00,16.5,0.0,0.0,0.0,15.0,16.5
2026-05-29T18:00:34,0,015,518,113,0,2026-05-26T16:34:31+08:00,16.5,0.0,0.0,0.0,15.0,16.5
2026-05-29T18:00:34,0,016,441,15,0,2026-05-26T16:34:15+08:00,16.5,0.0,0.0,0.0,15.0,16.5
2026-05-29T18:00:34,0,018,1295,350,0,2026-05-26T16:34:02+08:00,16.5,0.0,0.0,0.0,15.0,16.5
2026-05-29T18:00:34,0,019,157,2,0,2026-05-26T16:34:29+08:00,16.5,0.0,0.0,0.0,15.0,16.5
2026-05-29T18:00:34,0,020,231,89,0,2026-05-26T16:33:52+08:00,16.5,0.0,0.0,0.0,15.0,16.5
2026-05-29T18:00:34,0,021,528,68,0,2026-05-26T16:34:08+08:00,16.5,0.0,0.0,0.0,15.0,16.5
2026-05-29T18:00:34,0,022,209,27,0,2026-05-26T16:34:22+08:00,16.5,0.0,0.0,0.0,15.0,16.5
2026-05-29T18:00:34,0,023,716,82,0,2026-05-26T16:34:59+08:00,16.5,0.0,0.0,0.0,15.0,16.5
2026-05-29T18:00:34,0,024,193,52,0,2026-05-26T16:34:37+08:00,16.5,0.0,0.0,0.0,15.0,16.5
2026-05-29T18:00:34,0,025,260,76,0,2026-05-26T16:35:02+08:00,16.5,0.0,0.0,0.0,15.0,16.5
2026-05-29T18:00:34,0,027,750,162,0,2026-05-26T16:34:55+08:00,16.5,0.0,0.0,0.0,15.0,16.5
2026-05-29T18:00:34,0,028,226,43,0,2026-05-26T16:34:21+08:00,16.5,0.0,0.0,0.0,15.0,16.5
2026-05-29T18:00:34,0,029,359,73,0,2026-05-26T16:34:56+08:00,16.5,0.0,0.0,0.0,15.0,16.5
2026-05-29T18:00:34,0,030,198,15,0,2026-05-26T16:32:08+08:00,16.5,0.0,0.0,0.0,15.0,16.5
2026-05-29T18:00:34,0,031,115,18,0,2026-05-26T16:34:32+08:00,16.5,0.0,0.0,0.0,15.0,16.5
2026-05-29T18:00:34,0,032,341,82,0,2026-05-26T16:34:40+08:00,16.5,0.0,0.0,0.0,15.0,16.5
2026-05-29T18:00:34,0,033,151,14,0,2026-05-26T16:34:53+08:00,16.5,0.0,0.0,0.0,15.0,16.5
2026-05-29T18:00:34,0,034,129,44,0,2026-05-26T16:34:47+08:00,16.5,0.0,0.0,0.0,15.0,16.5
2026-05-29T18:00:34,0,035,269,35,0,2026-05-26T16:34:21+08:00,16.5,0.0,0.0,0.0,15.0,16.5
2026-05-29T18:00:34,0,036,234,50,0,2026-05-26T16:34:44+08:00,16.5,0.0,0.0,0.0,15.0,16.5
2026-05-29T18:00:34,0,037,522,44,0,2026-05-26T16:34:32+08:00,16.5,0.0,0.0,0.0,15.0,16.5
2026-05-29T18:00:34,0,038,180,22,0,2026-05-26T16:34:46+08:00,16.5,0.0,0.0,0.0,15.0,16.5
2026-05-29T18:00:34,0,039,266,22,0,2026-05-26T16:34:18+08:00,16.5,0.0,0.0,0.0,15.0,16.5
2026-05-29T18:00:34,0,040,193,7,0,2026-05-26T16:34:34+08:00,16.5,0.0,0.0,0.0,15.0,16.5
2026-05-29T18:00:34,0,041,314,32,0,2026-05-26T16:34:45+08:00,16.5,0.0,0.0,0.0,15.0,16.5
2026-05-29T18:00:34,0,042,326,93,0,2026-05-26T16:34:39+08:00,16.5,0.0,0.0,0.0,15.0,16.5
2026-05-29T18:00:34,0,043,638,134,0,2026-05-26T16:34:26+08:00,16.5,0.0,0.0,0.0,15.0,16.5
2026-05-29T18:00:34,0,044,331,101,0,2026-05-26T16:34:04+08:00,16.5,0.0,0.0,0.0,15.0,16.5
2026-05-29T18:00:34,0,048,369,48,0,2026-05-26T16:34:18+08:00,16.5,0.0,0.0,0.0,15.0,16.5
2026-05-29T18:00:34,0,049,122,74,0,2026-05-26T16:32:08+08:00,16.5,0.0,0.0,0.0,15.0,16.5
2026-05-29T18:00:34,0,052,151,0,2,2026-05-26T16:34:21+08:00,16.5,0.0,0.0,0.0,15.0,16.5
2026-05-29T18:00:34,0,053,457,151,0,2026-05-26T16:34:08+08:00,16.5,0.0,0.0,0.0,15.0,16.5
2026-05-29T18:00:34,0,054,76,45,0,2026-05-26T16:34:09+08:00,16.5,0.0,0.0,0.0,15.0,16.5
2026-05-29T18:00:34,0,055,254,93,0,2026-05-26T16:34:31+08:00,16.5,0.0,0.0,0.0,15.0,16.5
2026-05-29T18:00:34,0,056,1360,134,0,2026-05-26T16:34:45+08:00,16.5,0.0,0.0,0.0,15.0,16.5
2026-05-29T18:00:34,0,057,186,36,0,2026-05-26T16:34:16+08:00,16.5,0.0,0.0,0.0,15.0,16.5
2026-05-29T18:00:34,0,058,496,43,0,2026-05-26T16:34:31+08:00,16.5,0.0,0.0,0.0,15.0,16.5
2026-05-29T18:00:34,0,059,973,265,0,2026-05-26T16:34:31+08:00,16.5,0.0,0.0,0.0,15.0,16.5
2026-05-29T18:00:34,0,060,137,22,0,2026-05-26T16:34:12+08:00,16.5,0.0,0.0,0.0,15.0,16.5
2026-05-29T18:00:34,0,062,149,11,0,2026-05-26T16:33:53+08:00,16.5,0.0,0.0,0.0,15.0,16.5
2026-05-29T18:00:34,0,066,204,10,0,2026-05-26T16:34:32+08:00,16.5,0.0,0.0,0.0,15.0,16.5
2026-05-29T18:00:34,0,067,321,67,0,2026-05-26T16:34:50+08:00,16.5,0.0,0.0,0.0,15.0,16.5
2026-05-29T18:00:34,0,068,222,30,0,2026-05-26T16:32:50+08:00,16.5,0.0,0.0,0.0,15.0,16.5
2026-05-29T18:00:34,0,069,276,-22,2,2026-05-26T16:34:01+08:00,16.5,0.0,0.0,0.0,15.0,16.5
2026-05-29T18:00:34,0,070,242,21,0,2026-05-26T16:35:02+08:00,16.5,0.0,0.0,0.0,15.0,16.5
2026-05-29T18:00:34,0,071,244,4,0,2026-05-26T16:34:53+08:00,16.5,0.0,0.0,0.0,15.0,16.5
2026-05-29T18:00:34,0,072,229,50,0,2026-05-26T16:34:56+08:00,16.5,0.0,0.0,0.0,15.0,16.5
2026-05-29T18:00:34,0,073,850,20,0,2026-05-26T16:34:27+08:00,16.5,0.0,0.0,0.0,15.0,16.5
2026-05-29T18:00:34,0,074,69,16,0,2026-05-26T16:34:34+08:00,16.5,0.0,0.0,0.0,15.0,16.5
2026-05-29T18:00:34,0,075,347,39,0,2026-05-26T16:34:33+08:00,16.5,0.0,0.0,0.0,15.0,16.5
2026-05-29T18:00:34,0,078,382,151,0,2026-04-09T17:18:20+08:00,16.5,0.0,0.0,0.0,15.0,16.5
2026-05-29T18:00:34,0,079,422,43,0,2026-05-26T16:34:32+08:00,16.5,0.0,0.0,0.0,15.0,16.5
2026-05-29T18:00:34,0,080,730,25,0,2026-05-26T16:34:08+08:00,16.5,0.0,0.0,0.0,15.0,16.5
2026-05-29T18:00:34,0,081,153,0,2,2026-05-26T16:34:35+08:00,16.5,0.0,0.0,0.0,15.0,16.5
2026-05-29T18:00:34,0,082,224,15,0,2026-05-26T16:34:54+08:00,16.5,0.0,0.0,0.0,15.0,16.5
2026-05-29T18:00:34,0,084,229,36,0,2026-05-26T16:34:13+08:00,16.5,0.0,0.0,0.0,15.0,16.5
2026-05-29T18:00:34,0,085,411,0,2,2026-05-26T16:34:41+08:00,16.5,0.0,0.0,0.0,15.0,16.5
2026-05-29T18:00:34,0,086,210,40,0,2026-05-26T16:34:37+08:00,16.5,0.0,0.0,0.0,15.0,16.5
2026-05-29T18:00:34,0,087,334,12,0,2026-05-26T16:34:59+08:00,16.5,0.0,0.0,0.0,15.0,16.5
2026-05-29T18:00:34,0,088,354,53,0,2026-05-26T16:34:54+08:00,16.5,0.0,0.0,0.0,15.0,16.5
2026-05-29T18:00:34,0,089,214,29,0,2026-05-26T16:34:32+08:00,16.5,0.0,0.0,0.0,15.0,16.5
2026-05-29T18:00:34,0,090,181,47,0,2026-05-26T16:34:23+08:00,16.5,0.0,0.0,0.0,15.0,16.5
2026-05-29T18:00:34,0,092,209,19,0,2026-05-26T16:34:56+08:00,16.5,0.0,0.0,0.0,15.0,16.5
2026-05-29T18:00:34,0,093,238,15,0,2026-05-26T16:34:33+08:00,16.5,0.0,0.0,0.0,15.0,16.5
2026-05-29T18:00:34,0,096,461,48,0,2026-01-08T17:07:16+08:00,16.5,0.0,0.0,0.0,15.0,16.5
2026-05-29T18:00:34,0,097,105,25,0,2026-05-26T16:34:58+08:00,16.5,0.0,0.0,0.0,15.0,16.5
2026-05-29T18:00:34,0,098,245,83,0,2026-05-26T16:34:57+08:00,16.5,0.0,0.0,0.0,15.0,16.5
2026-05-29T18:00:34,0,099,284,22,0,2026-05-26T16:34:54+08:00,16.5,0.0,0.0,0.0,15.0,16.5
2026-05-29T18:00:34,0,102,176,12,0,2026-05-26T16:34:28+08:00,16.5,0.0,0.0,0.0,15.0,16.5
2026-05-29T18:00:34,0,103,313,23,0,2026-05-26T16:32:50+08:00,16.5,0.0,0.0,0.0,15.0,16.5
2026-05-29T18:00:34,0,105,293,11,0,2026-05-26T16:34:30+08:00,16.5,0.0,0.0,0.0,15.0,16.5
2026-05-29T18:00:34,0,106,286,49,0,2026-05-26T16:34:36+08:00,16.5,0.0,0.0,0.0,15.0,16.5
2026-05-29T18:00:34,0,107,230,29,0,2026-05-26T16:34:32+08:00,16.5,0.0,0.0,0.0,15.0,16.5
2026-05-29T18:00:34,0,109,251,121,0,2026-05-26T16:32:07+08:00,16.5,0.0,0.0,0.0,15.0,16.5
2026-05-29T18:00:34,0,111,155,52,0,2026-05-26T16:35:01+08:00,16.5,0.0,0.0,0.0,15.0,16.5
2026-05-29T18:00:34,0,113,259,72,0,2026-05-26T16:34:32+08:00,16.5,0.0,0.0,0.0,15.0,16.5
2026-05-29T18:00:34,0,114,253,42,0,2026-05-26T16:34:07+08:00,16.5,0.0,0.0,0.0,15.0,16.5
2026-05-29T18:00:34,0,119,266,26,0,2026-05-26T16:34:32+08:00,16.5,0.0,0.0,0.0,15.0,16.5
2026-05-29T18:00:34,0,120,400,199,0,2026-05-26T16:35:01+08:00,16.5,0.0,0.0,0.0,15.0,16.5
2026-05-29T18:00:34,0,124,464,65,0,2026-03-20T07:47:51+08:00,16.5,0.0,0.0,0.0,15.0,16.5
2026-05-29T18:00:34,0,128,233,20,0,2026-05-26T16:35:02+08:00,16.5,0.0,0.0,0.0,15.0,16.5
2026-05-29T18:00:34,0,129,86,0,2,2026-05-26T16:34:05+08:00,16.5,0.0,0.0,0.0,15.0,16.5
2026-05-29T18:00:34,0,165,412,93,0,2026-05-26T16:34:57+08:00,16.5,0.0,0.0,0.0,15.0,16.5
2026-05-29T18:00:34,0,187,239,26,0,2026-05-26T16:35:02+08:00,16.5,0.0,0.0,0.0,15.0,16.5
2026-05-29T18:00:34,0,188,430,36,0,2026-05-26T16:35:02+08:00,16.5,0.0,0.0,0.0,15.0,16.5
2026-05-29T18:00:34,0,193,286,75,0,2026-05-26T16:34:39+08:00,16.5,0.0,0.0,0.0,15.0,16.5
2026-05-29T18:00:34,0,195,70,2,0,2026-01-08T17:07:31+08:00,16.5,0.0,0.0,0.0,15.0,16.5
2026-05-29T18:00:34,0,215,108,10,0,2026-05-26T16:34:36+08:00,16.5,0.0,0.0,0.0,15.0,16.5
2026-05-29T18:00:34,0,229,194,0,2,2026-05-26T16:34:47+08:00,16.5,0.0,0.0,0.0,15.0,16.5
2026-05-29T18:00:34,0,249,175,22,0,2026-05-26T16:35:01+08:00,16.5,0.0,0.0,0.0,15.0,16.5
2026-05-29T18:00:34,0,372,310,124,0,2026-05-26T16:34:27+08:00,16.5,0.0,0.0,0.0,15.0,16.5
2026-05-29T18:00:34,0,640,297,45,0,2026-05-26T16:34:45+08:00,16.5,0.0,0.0,0.0,15.0,16.5
2026-05-29T18:00:34,0,666,239,54,0,2026-05-26T16:34:20+08:00,16.5,0.0,0.0,0.0,15.0,16.5
2026-05-29T18:00:34,0,702,258,9,0,2026-05-26T16:34:54+08:00,16.5,0.0,0.0,0.0,15.0,16.5
2026-05-29T18:00:34,0,713,170,13,0,2026-05-26T16:34:37+08:00,16.5,0.0,0.0,0.0,15.0,16.5
2026-05-29T18:00:34,0,714,194,35,0,2026-05-26T16:34:58+08:00,16.5,0.0,0.0,0.0,15.0,16.5
2026-05-29T18:00:34,0,718,133,59,0,2026-05-26T16:34:12+08:00,16.5,0.0,0.0,0.0,15.0,16.5
2026-05-29T18:00:34,0,719,135,19,0,2026-05-26T16:34:04+08:00,16.5,0.0,0.0,0.0,15.0,16.5
2026-05-29T18:00:34,0,720,149,32,0,2026-05-26T16:34:40+08:00,16.5,0.0,0.0,0.0,15.0,16.5
2026-05-29T18:00:34,0,721,65,24,0,2026-05-26T16:35:00+08:00,16.5,0.0,0.0,0.0,15.0,16.5
2026-05-29T18:00:34,0,722,323,112,0,2026-05-26T16:34:07+08:00,16.5,0.0,0.0,0.0,15.0,16.5
2026-05-29T18:00:34,0,760,309,8,0,2026-05-26T16:35:00+08:00,16.5,0.0,0.0,0.0,15.0,16.5
2026-05-29T18:00:34,0,768,128,51,0,2026-05-26T16:34:27+08:00,16.5,0.0,0.0,0.0,15.0,16.5
2026-05-29T18:00:34,0,783,237,31,0,2026-05-26T16:34:18+08:00,16.5,0.0,0.0,0.0,15.0,16.5
2026-05-29T18:00:34,0,784,370,97,0,2026-05-26T16:34:46+08:00,16.5,0.0,0.0,0.0,15.0,16.5
2026-05-29T18:00:34,0,785,270,48,0,2026-05-26T16:34:52+08:00,16.5,0.0,0.0,0.0,15.0,16.5
2026-05-29T18:00:34,0,829,113,68,0,2026-05-26T16:34:17+08:00,16.5,0.0,0.0,0.0,15.0,16.5
